{
  "brand": {
    "primary": "#FF4800"
  },
  "semantic": {
    "success": "#1CD293",
    "warning": "#EAA300",
    "error": "#EF4C5B",
    "info": "#069FDF"
  },
  "neutral": {
    "background": "#FFFFFF",
    "surfaceElevated": "#FFFFFF",
    "surfaceAlt": "#F5F5F5",
    "border": "#E0E0E0",
    "textPrimary": "#252526",
    "textSecondary": "#6F6F70",
    "disabled": "#B6B6B6",
    "overlay": "rgba(0,0,0,0.4)"
  },
  "gradients": {
    "ring": [
      "#FF4700",
      "#EAA300",
      "#CCD90D",
      "#66DB4A",
      "#1CD293",
      "#069FDF",
      "#6574E7",
      "#DD53C5",
      "#EF4C5B"
    ]
  }
}