{
  "fontFamily": [
    "Avenir Next World",
    "Noto Sans",
    "Montserrat",
    "Avenir Next LT Pro"
  ],
  "roles": {
    "headline": {
      "family": "Avenir Next World",
      "weight": "600",
      "sizeScale": [
        48,
        32,
        24,
        20
      ]
    },
    "body": {
      "family": "Avenir Next World",
      "weight": "400",
      "sizeScale": [
        18,
        16,
        14,
        12
      ]
    },
    "caption": {
      "family": "Avenir Next World",
      "weight": "500",
      "sizeScale": [
        12,
        11
      ]
    }
  },
  "rules": {
    "gradientTextAllowedOn": [
      "headline"
    ],
    "alignments": [
      "left",
      "center"
    ],
    "disallow": [
      "right"
    ]
  }
}